review,label
This movie was amazing. I loved the storyline and the characters.,positive
Absolutely brilliant! Would watch again.,positive
Great performances and direction.,positive
One of the best films I've ever seen.,positive
A masterpiece of modern cinema.,positive
Fantastic acting and wonderful music.,positive
This film exceeded all my expectations.,positive
An emotional rollercoaster. Loved it.,positive
Beautiful cinematography and deep message.,positive
Heartwarming and inspiring story.,positive
A wonderful experience. Highly recommend.,positive
The cast was perfect. Loved every second.,positive
Such a touching film. I cried.,positive
Everything about this movie was perfect.,positive
"Incredible story, well executed.",positive
The writing was sharp and compelling.,positive
Gorgeous visuals and moving soundtrack.,positive
A thoughtful and well-made film.,positive
Top-tier production and acting.,positive
One of the most beautiful films ever.,positive
So good! The twist was mind-blowing.,positive
Impressive in every way.,positive
Super engaging from start to finish.,positive
A strong and moving narrative.,positive
Really hit me emotionally.,positive
Brilliantly done. Applause to the team.,positive
Captured my attention fully.,positive
Masterful storytelling and direction.,positive
Loved the message and the delivery.,positive
Great film. Would recommend to anyone.,positive
"Touching, relatable and beautifully shot.",positive
Impressive character development.,positive
Thoroughly enjoyed this movie.,positive
Visually stunning. Very artistic.,positive
Emotionally rich and impactful.,positive
Very impressive direction and execution.,positive
Left me speechless in a good way.,positive
Truly a work of art.,positive
Magnificent from beginning to end.,positive
One of the most inspiring films I've seen.,positive
I loved the atmosphere and pacing.,positive
Such talent! It shows in every scene.,positive
A refreshing and intelligent film.,positive
10/10. Highly recommend.,positive
Can't stop thinking about this movie.,positive
It was everything I hoped for.,positive
Loved the way it was filmed.,positive
Had me hooked from the first minute.,positive
Definitely worth watching.,positive
This movie made my day.,positive
Perfect blend of emotion and drama.,positive
Horrible film. Waste of time.,negative
Terrible acting and boring plot.,negative
The worst movie I've ever seen.,negative
Painfully slow and predictable.,negative
Poor script and wooden performances.,negative
This was a complete disaster.,negative
Unbearably long and dull.,negative
Didn't enjoy it at all.,negative
Shallow characters and bad direction.,negative
Couldn't finish watching it.,negative
Awful. Just awful.,negative
A total waste of good talent.,negative
I regret watching this movie.,negative
Nothing made sense in the plot.,negative
Disappointing and poorly executed.,negative
The ending was laughable.,negative
Plot holes everywhere.,negative
Weak acting and cliche story.,negative
Unrealistic and poorly made.,negative
Why was this even released?,negative
Just a bad movie. Period.,negative
The pacing was off the entire time.,negative
No redeeming qualities.,negative
Dialogue was cringeworthy.,negative
Completely forgettable.,negative
Couldn't care less about the characters.,negative
It felt like a student film.,negative
Not worth your time or money.,negative
Too many plot twists that made no sense.,negative
Soundtrack was distracting and bad.,negative
This film is a mess.,negative
Was expecting better from the trailer.,negative
They tried too hard to be deep.,negative
"Flat, lifeless, and uninspired.",negative
The actors seemed uninterested.,negative
I've seen better TV ads.,negative
Clich√© from beginning to end.,negative
I almost fell asleep.,negative
Nothing interesting happened.,negative
Characters were extremely unlikable.,negative
Absolutely hated this movie.,negative
Plot was non-existent.,negative
Editing was terrible.,negative
Scenes were too dark to see anything.,negative
Sound design was a nightmare.,negative
Just plain bad storytelling.,negative
Would not recommend to anyone.,negative
One of the most boring films I've watched.,negative
The plot twist was ridiculous.,negative
Trying to be artistic but failed.,negative
Cheap production values.,negative
It went nowhere.,negative
One-dimensional characters.,negative
Script felt rushed and incoherent.,negative
The humor was forced.,negative
Can't believe I sat through this.,negative
